A_i,sec_struct_3state,sec_struct_conf,i,in_model
T,E,1,228,True
Y,E,1,229,True
K,E,6,230,True
L,E,8,231,True
I,E,8,232,True
L,E,5,233,True
N,E,1,234,True
G,E,5,235,True
K,C,2,236,True
T,C,3,237,True
L,C,5,238,True
K,C,6,239,True
G,E,5,240,True
E,E,2,241,True
T,E,0,242,True
T,E,0,243,True
T,E,0,244,True
E,E,1,245,True
A,E,0,246,True
V,C,3,247,True
D,C,8,248,True
A,H,7,249,True
A,H,8,250,True
T,H,9,251,True
A,H,9,252,True
E,H,9,253,True
K,H,9,254,True
V,H,9,255,True
F,H,9,256,True
K,H,8,257,True
Q,H,5,258,True
Y,H,5,259,True
A,H,3,260,True
N,H,2,261,True
D,H,0,262,True
N,C,7,263,True
G,C,9,264,True
V,C,6,265,True
D,C,2,266,True
G,C,0,267,True
E,E,2,268,True
W,E,4,269,True
T,E,4,270,True
Y,E,4,271,True
D,E,0,272,True
D,C,6,273,True
A,C,8,274,True
T,C,4,275,True
K,E,0,276,True
T,E,5,277,True
F,E,7,278,True
T,E,8,279,True
V,E,5,280,True
T,E,2,281,True
E,E,0,282,True

