A_i,sec_struct_3state,sec_struct_conf,i,in_model
D,C,9,170,TRUE
V,C,8,171,TRUE
P,C,8,172,TRUE
L,C,8,173,TRUE
P,C,8,174,TRUE
A,C,7,175,TRUE
G,C,6,176,TRUE
W,E,2,177,TRUE
E,E,1,178,TRUE
M,E,2,179,TRUE
A,E,3,180,TRUE
K,E,5,181,TRUE
T,C,1,182,TRUE
S,C,8,183,TRUE
S,C,9,184,TRUE
G,C,9,185,TRUE
Q,C,8,186,TRUE
R,E,7,187,TRUE
Y,E,8,188,TRUE
F,E,8,189,TRUE
L,E,6,190,TRUE
N,E,1,191,TRUE
H,C,8,192,TRUE
I,C,8,193,TRUE
D,C,9,194,TRUE
Q,C,8,195,TRUE
T,E,2,196,TRUE
T,E,5,197,TRUE
T,E,5,198,TRUE
W,E,0,199,TRUE
Q,C,4,200,TRUE
D,C,9,201,TRUE
P,C,9,202,TRUE
R,C,9,203,TRUE